<?xml version="1.0" encoding="utf-8"?>
	<extension type="module" version="1.6.0" client="site" method="upgrade">
    <name>Widget - Cafepress</name>
    <author>dev@cafepress.com</author>
    <version>1.6.0</version>
    <description>Cafepress Widget for joomla 1.6</description>
	<files>
		<filename>mod_cafepresswidget.xml</filename>
		<filename module="mod_cafepresswidget">mod_cafepresswidget.php</filename>
		<filename>index.html</filename>
		<filename>helper.php</filename>
		<filename>tmpl/default.php</filename>
		<filename>tmpl/index.html</filename>
    <filename>tmpl/cafepress_widget.css</filename>
    <filename>tmpl/assets/arrow_left.gif</filename>
    <filename>tmpl/assets/arrow_right.gif</filename>
    <filename>tmpl/assets/arrows.png</filename>
    <filename>tmpl/assets/color_selected.png</filename>
    <filename>tmpl/assets/scrollleft-active_green.gif</filename>
    <filename>tmpl/assets/scrollleft-inactive.gif</filename>
    <filename>tmpl/assets/scrollright-active_green.gif</filename>
    <filename>tmpl/assets/scrollright-inactive.gif</filename>
    <filename>tmpl/assets/top_left.gif</filename>
    <filename>tmpl/assets/top_right.gif</filename>
    <filename>tmpl/assets/widget_logo_dark.png</filename>
    <filename>tmpl/assets/widget_logo.png</filename>
    <filename>tmpl/assets/widget_see_all_dark.png</filename>
    <filename>tmpl/assets/widget_see_all.png</filename>
    <filename>tmpl/assets/widget_settings_dark.png</filename>
    <filename>tmpl/assets/widget_settings.png</filename>
    <filename>tmpl/js/cafepress_widget.js</filename>
	</files>
  <config>
		<fields name="params">
			<fieldset name="basic">
        <field name="cafepresswidget_products" type="list" default="" label="Select a Product type" description="Select either the shop or design id of the group you want to show">          
          <option value="shop">Shop Id</option>
          <option value="affiliate">Affiliate ID</option>
        </field>
        <field name="cafepresswidget_aid" type="text" default="" label="Affiliate id or Shop id" description="Optional info, depends on what configuration is selected" />
        <field name="cafepresswidget_productsoption" type="text" default="" label="Design Id or Tags" description="Use comma for multiple designs or tags"/>
        <field name="cafepresswidget_theme" type="list" default="white" label="Select a Theme" description="Select a color theme">
          <option value="white">White</option>
          <option value="black">Black</option>
          <option value="darkgrey">Dark Grey</option>
          <option value="mediumgrey">Medium Grey</option>
          <option value="lightgrey">Light Grey</option>
          <option value="brickred">Brick Red</option>
          <option value="darkred">Dark Red</option>
          <option value="brightred">Bright Red</option>
          <option value="mediumred">Medium Red</option>
          <option value="pink">Pink</option>
          <option value="brightorange">Bright Orange</option>
          <option value="orange">Orange</option>
          <option value="lightorange">Light Orange</option>
          <option value="yellow">Yellow</option>
          <option value="lightyellow">Light Yellow</option>
          <option value="forestgreen">Forest Green</option>
          <option value="darkgreen">Dark Green</option>
          <option value="green">Green</option> 
          <option value="brightgreen">Bright Green</option> 
          <option value="lightgreen">Light Green</option> 
          <option value="navyblue">Navy Blue</option> 
          <option value="cobaltblue">Cobalt Blue</option> 
          <option value="bluegreen">Blue Green</option> 
          <option value="skyblue">Sky Blue</option> 
          <option value="lightblue">Light Blue</option> 
          <option value="eggplant">Eggplant</option> 
          <option value="darkpurple">Dark Purple</option> 
          <option value="violet">Violet</option> 
          <option value="fuchsia">Fuchsia</option> 
          <option value="maroon">Maroon</option>
        </field>
      </fieldset>
    </fields>
  </config>
</extension>