<?xml version="1.0" encoding="utf-8"?>
<install version="1.5" type="plugin" group="editors-xtd">
    <name>Button - Cafepress</name>
    <author>me</author>
    <creationDate>November 2010</creationDate>
    <copyright>(C) 2011 Cafepress. All rights reserved.</copyright>
    <license>GNU/GPL</license>
    <authorUrl>www.Cafepress.com</authorUrl>
    <authorEmail>info@Cafepress.com</authorEmail>
    <version>1.1</version>
    <description>CPDESCRIPTION</description>
    <files>
        <filename plugin="cafepressb">cafepressb.php</filename>
        <filename>cafepressb.js</filename>
    </files>
    <languages>
   		<language tag="en-GB">en-GB.plg_editors-xtd_cafepressb.ini</language>
		</languages>
	</install>
